N,P,K,ph,region_code
0.6137309658043104,0.7834911361804997,0.9753518488317253,0.63166133759659,1.0
0.15659413035460257,0.7116236905721194,0.9157414059848462,1.0,1.0
0.15069287106802265,0.8383863819500406,0.9624106879179101,0.4603317346123106,1.0
0.4440697613151381,0.8738920225624498,0.9417647758878317,0.5026978417266186,1.0
0.4697823910638077,0.8687718237980127,0.913043861543683,0.39824806821209435,1.0
0.27124716792244086,0.9289215686274512,0.9124620382328438,0.998034905409007,1.0
0.003653160510739939,0.4698495836690842,0.8757366456123029,1.0,0.99
0.015596185257389816,-0.006496776792908887,0.41690725648270155,1.0,0.99
0.021708203804204684,0.03570709105560038,0.6804732162928157,1.0,0.99
0.0,0.0,0.7365045642275635,1.0,0.99
0.008430370409399979,0.5776087832393233,0.9393845896162171,1.0,0.99
0.004636703725169999,0.016619661563255506,0.5922476451583042,1.0,0.99
0.0029506296432901813,0.5061442385173249,0.9207662436693657,0.6900146549427149,0.99
0.0,0.6655922643029817,0.8632715219528108,0.6004862776445528,0.99
0.009624672884064989,0.5345487510072524,0.9575797913370035,1.0,0.99
0.017493018599504584,0.7078464947622887,0.7681698571447461,0.7219890754063414,0.99
0.00821961114916503,0.6676067687348914,0.7385673923296293,1.0,0.99
0.005058222245639898,0.5963940370668817,0.48189515720248755,0.3798627764455098,0.98
0.0,0.650382755842063,0.49259717992004315,0.26102451372235436,0.98
0.0059012592865799185,0.5343473005640613,0.5379265051372353,0.3809285904609645,0.98
0.0033721481637598583,0.6569298952457696,0.653092258664539,0.5954236610711447,0.98
0.005268981505874848,0.609085414987913,0.7241804886434259,0.37400079936051256,0.98
0.0,0.6276356432984154,0.5258668946943883,0.3758659738875565,0.98
0.0,0.7654781090518401,0.6224495642936795,0.318045563549159,0.98
0.0,0.9702860596293315,0.42207314224257597,0.3822608579802811,0.98
0.0029506296432901813,0.5943795326349719,0.4710697174189963,0.37559952038369104,0.98
0.0025291111228200602,0.6959777061509538,0.5892327425475925,0.3718691713295996,0.98
0.0025291111228200602,0.5616438356164384,0.6476795387727935,0.34415800692779186,0.98
0.006744296327519939,0.40021488047273707,0.5759565924548093,0.5213495869970686,0.98
0.0016860740818800402,0.5905016116035455,0.7763682765247518,0.37533306687982915,0.98
0.007376574108225009,0.9712933118452864,0.639057975166723,0.5711763922195594,0.97
0.00716581484799006,0.9228948428686545,0.6293785509954907,0.4272915001332258,0.97
0.07474928429667882,0.8135576148267529,0.6464453681134378,1.0,0.97
0.004636703725169999,0.9216861402095087,0.6942077726305024,0.42782440714095316,0.97
0.0,0.8800362610797745,0.6732268714214559,0.45660138555821916,0.97
0.0,0.9868049959709912,0.8279389790763995,0.6337929656274959,0.97
0.017703777859739755,0.8909145850120872,0.7005725670308939,1.0,0.97
0.006112018546814868,0.9372481869460114,0.6623309076002873,0.5402677857713805,0.97
0.09610622266715851,0.8590350523771153,0.7455316410502791,1.0,0.97
0.39854576110437856,0.9773871877518134,0.5978543061536629,0.7667532640554207,0.97
0.18441435270562212,0.9749194198227238,0.5364983933742664,1.0,0.97
0.0,0.9801067687348914,0.6702648618390025,0.46779243272048987,0.97
0.005268981505874848,0.978394439967768,0.6372948742247865,0.44620969890754125,0.97
0.9999999999999998,0.435535858178888,0.17456903201350504,1.0,0.96
0.30349333473839524,0.6782332796132153,0.24193711900490544,0.32923661071142973,0.96
0.9999999999999998,0.2795628525382757,0.14471973306651698,0.626598721023182,0.96
0.9999999999999998,0.481164383561644,0.1807398853102834,1.0,0.96
0.9999999999999998,0.5643634165995166,0.5563156479616348,0.5765054622968293,0.96
0.0,0.8481063658340051,0.45015934024762727,1.0,0.96
0.00716581484799006,0.24793513295729258,0.5951743927219192,0.6567079669597646,0.9500000000000001
0.0042854382914450095,0.2307111200644642,0.619011517456903,1.0,0.9500000000000001
0.00744682719497014,0.23831587429492346,0.58262111401533,1.0,0.9500000000000001
0.015806944517624988,0.34009871071716374,0.5284057600507772,1.0,0.9500000000000001
0.0,0.2982977437550363,0.5189908010208353,0.526678657074342,0.9500000000000001
0.0054797407661100195,0.3930633897394575,0.4479554640702065,0.8754662936317601,0.9500000000000001
0.0,0.29870064464141827,0.5839434397217825,0.8712030375699449,0.9500000000000001
0.6805416512988043,0.9371642492613488,0.7745699135639762,0.3771982414068731,0.9400000000000001
0.7349175404394332,0.9442989524576957,0.6539209161072493,0.40224487077004767,0.9400000000000001
0.7374466515622531,0.9272763900080583,0.7279182626403317,0.37293498534505787,0.9400000000000001
0.9412508562094952,0.9331184528605967,0.7193495920625194,0.3748001598721018,0.9400000000000001
0.8312345223668267,0.9262187751813056,0.6677788895108715,0.3582800426325612,0.9400000000000001
0.9815058749143792,0.9427880741337633,0.7296637325728491,0.3785305089261932,0.9400000000000001
0.9119553190368304,0.6453968573730864,0.5571795674231838,0.38625766053823796,0.93
0.9999999999999998,0.6534548751007254,0.3371974628977442,0.43102184918731723,0.93
0.5201538542599717,0.7888463604619931,0.9796890771488894,0.39505062616573383,0.93
0.07481953738342395,0.7395245769540695,0.7357993238507886,0.37746469491073853,0.93
0.28810790874124037,0.5870265914585013,0.927748123399435,0.38465893951505237,0.93
0.31550661257179,0.6318996776792911,0.4507411635584665,0.4198308020250465,0.93
0.016228463038094887,0.8480560032232072,0.9633980244453947,0.5093591793232086,0.93
0.0012645555614101411,0.886432312651088,0.0,0.43182120969891,0.93
0.3523894831129142,0.6978243352135376,0.45488445077201767,0.05612176925126633,0.92
0.18989409347173192,0.5241069030351868,0.6703706478955186,0.0,0.92
0.8324990779282369,0.7339175396185875,0.22307193892618304,0.0,0.92
0.4881184467042523,0.4229955680902498,0.2319403366641245,0.0,0.92
0.3295572299207896,0.6238920225624498,0.10667201473952348,0.0,0.92
0.6563043363717795,0.3358850389470857,0.23476129817122326,0.0,0.92
0.1348859265503981,0.8024274778404514,0.15529833871813714,0.30339062083666235,0.92
0.3399546867590495,0.4618251410153103,0.0548015850277464,0.0,0.92
0.15806944517624744,0.558370265914585,0.8398046484156335,0.30205835331734576,0.92
0.0,0.024677679290894483,0.3523777620078191,0.37746469491073853,0.92
0.10622266715843831,0.6709642761214076,0.6733855505062304,0.3614774846789217,0.92
0.8093155593023871,0.7161563255439163,0.5360752491482016,0.17869038102850965,0.92
0.9999999999999998,0.8161428955143704,0.3673993820331195,0.0,0.91
0.6071974287370254,0.5102403975288747,0.43700660722077966,0.0,0.91
0.9999999999999998,0.6952558420628527,0.49947327359359617,0.0,0.91
0.9168027820222353,0.6065672844480259,0.481912788211907,0.0,0.91
0.9999999999999998,0.8711556540424392,0.2313585133532855,0.0,0.91
0.6461878918804997,0.6460179962395918,0.4360545327121339,0.0,0.91
0.0,0.29492344883158744,0.04792549135419333,0.0,0.91
0.0,0.5455278001611603,0.9941993979010285,1.0,0.9
0.0,0.599785119527263,0.9432457806790585,1.0,0.9
0.0,0.7427981466559228,0.9960330228806425,0.37746469491073853,0.9
0.0018968333421149897,0.4588537469782435,0.935629184609892,0.3955835331734612,0.9
0.0,0.4189161966156327,0.9922776178743175,1.0,0.9
0.0,0.49038074133763104,0.9775733560185654,1.0,0.9
0.0,0.6466727101799625,0.9307630260101466,1.0,0.9
0.0,0.8487107171635779,0.7074133986856083,0.34922062350119987,0.9
0.0,0.5137489927477841,0.9585847588739075,1.0,0.9
0.0,0.4382050765511684,0.9994710697174191,1.0,0.9
0.0,0.8260979049153911,0.19428050054435708,0.9817812416733283,0.9
0.0,0.671988315874295,0.228502289827348,0.01775246469491165,0.9
0.47547289109015245,0.7083669084071986,0.5672292427922229,0.3625432986943764,0.89
0.5987670583276252,0.9038577759871074,0.6823597343006881,0.37639888089528384,0.89
0.5378576321197113,0.7802175664786464,0.5568622092536352,0.32470690114574907,0.89
0.21539596396016658,0.860092667203868,0.6069519070140562,0.2935318411937118,0.89
0.45755835397017774,0.7751309427880744,0.5503034737496307,0.3585464961364231,0.89
0.27946677907160566,0.8181909750201453,0.5926707893843691,0.3636091127098311,0.89
0.2824174087148954,0.7874194198227238,0.49122196118533257,0.2953970157207557,0.89
0.3115021866273251,0.7457695406929896,0.6018212832730204,0.3665401012523297,0.89
0.17745929711786723,0.8629633360193396,0.5867996632477199,0.38625766053823796,0.89
0.5477633173507563,0.747884770346495,0.609437879342187,0.3734678923527852,0.89
0.1870137169151871,0.45845084609186154,0.6003402784817936,0.40650812683187,0.88
0.013699351915274827,0.4972468439430568,0.2842515416113859,0.7784772182254187,0.88
0.004215185204699878,0.5718674456083805,0.22439426463263556,0.6625699440447654,0.88
0.010327203751514746,0.5990128928283642,0.40606418568979097,0.4158339994670932,0.88
0.0,0.5922643029814667,0.3172567912444405,0.9026445510258476,0.88
0.0,0.7440068493150687,0.27647626645744505,0.37106981081801393,0.88
0.0037936666842299793,0.7257252215954877,0.37110189401118665,0.37027045030642114,0.88
0.004215185204699878,0.6676739188826217,0.35454637616640117,0.39078737010391507,0.88
0.04910690763475434,0.6420225624496376,0.4367950351077472,0.39691580069277776,0.88
0.0,0.7311475960247114,0.22264879470011822,0.1123434585664782,0.88
0.013910111175509776,0.41755640612409356,0.5058380679939877,0.3902544630961913,0.88
0.019389851941619796,0.5320306204673653,0.4586927488066008,0.4017119637623239,0.88
0.004004425944464929,0.49833803384367453,0.487731021320298,0.35694777511324105,0.88
0.002107592602350161,0.6687315337093744,0.4530331947829841,0.5328070876632012,0.88
0.049387919981734196,0.5507151490733282,0.35396455285556205,0.39211963762323165,0.88
0.002107592602350161,0.706788879935536,0.17647318103079657,0.3998467892352764,0.88
0.1652352600242375,0.628256782164921,0.575797913370035,0.3830602184918739,0.88
0.009905685231044847,0.469178082191781,0.34112917799826314,0.41263655742072913,0.88
0.0,0.4713268869191513,0.9961917019654168,1.0,0.87
0.0037936666842299793,0.4782937147461726,0.9876759244158627,1.0,0.87
0.0037936666842299793,0.47713537469782447,0.9907966130830904,1.0,0.87
0.00716581484799006,0.45645312919688436,0.9946578041459319,1.0,0.87
0.00800885188893008,0.3775181305398873,0.97466423946437,0.9330202504662957,0.87
0.005058222245639898,0.38613013698630144,0.962022805710684,1.0,0.87
0.008570876582890019,0.4756748589846899,0.9845376047392155,0.9466093791633341,0.87
0.0,0.3364390276658609,0.9846610218051509,1.0,0.87
0.0,0.45746038141283923,0.9832329100421823,1.0,0.87
0.010116444491279797,0.37076954069298956,0.9811171889118583,1.0,0.87
0.0,0.38215149073327964,0.9667302852256549,1.0,0.87
0.0059012592865799185,0.3607977437550363,0.9846257597863123,1.0,0.87
0.0033721481637598583,0.383863819500403,0.9727600904470782,1.0,0.87
0.009484166710574948,0.7112711522965354,0.6196991268242583,1.0,0.86
0.00491771607215008,0.7654277464410424,0.49298506212726934,0.9636624034106056,0.86
0.004215185204699878,0.7466257050765512,0.6750781274104894,0.4872435385025291,0.86
0.004425944464934828,0.7743251410153105,0.6144803480361257,1.0,0.86
0.019179092681384624,0.6987308622078972,0.6353025701603979,0.496302957633894,0.86
0.0018968333421149897,0.635307547676605,0.6342976026234942,0.47392086330935257,0.86
0.3477527793877444,0.7860596293311848,0.6290082997976839,1.0,0.85
0.1182359449918331,0.595940773569702,0.7408770545635662,0.9849786837196923,0.85
0.20296116760630167,0.6155318291700242,0.7310389513075598,1.0,0.85
0.1516061611957078,0.8465451248992748,0.179523345660347,0.0,0.85
0.5389114284208865,0.6669352672575881,0.7345298911725943,0.19734212629895964,0.85
0.0295765495196445,0.15113819500402903,0.4711578724660932,0.4230282440714106,0.85
0.029084777912429693,0.4724684394305669,0.8122297496837437,1.0,0.85
0.07376574108224898,0.8679995970991139,0.7648375963644859,1.0,0.85
0.011802518573159837,0.41408138597904925,0.529939657870262,0.3737343458566471,0.85
0.0,0.35102739726027404,0.8922040084099915,0.9617972288835581,0.84
0.0,0.8905956218103683,0.7305276520343978,1.0,0.84
0.0,0.44198227236099924,0.8459755017124116,0.4270250466293639,0.84
0.0,0.9623287671232879,0.9802180074314705,0.44221289634958794,0.84
0.0,0.29441982272361006,0.8065173026318687,0.5836997069011467,0.84
0.0,0.9050832661831858,0.9341481798186652,1.0,0.84
0.0,0.9217868654311041,0.8027618976255438,0.38039568345323715,0.84
0.0,0.2988013698630138,0.7436803850612458,0.8051225686117789,0.84
0.19516307497760677,0.6782332796132153,0.7392902637158233,0.37746469491073853,0.84
0.0,0.7602236099919422,0.7956566008295388,0.6100786037836379,0.84
0.0,0.5752417405318293,0.8268811185112376,0.32897015720756784,0.84
0.0027398703830550097,0.4368452860596294,0.8516350557360285,0.7004063415933928,0.84
0.0,0.5359421165726566,0.7883397319205018,1.0,0.84
0.0,0.48458904109589057,0.7606590471320959,0.33723021582733637,0.84
0.0010537963011749696,0.8812449637389204,0.6061585115901847,0.37613242739142194,0.8300000000000001
0.0,0.9487812248186949,0.9537186002741623,0.3798627764455098,0.8300000000000001
0.0,0.5708098307816278,0.37388759349944656,0.37746469491073853,0.8300000000000001
0.0023183518625851107,0.7554559495030893,0.834021677326081,0.39505062616573383,0.8300000000000001
0.026134148269139734,0.7406997045393502,0.7969436645171527,0.38465893951505237,0.8300000000000001
0.0,0.5292271017996242,0.16413147443723985,0.37746469491073853,0.8300000000000001
0.0,0.9603814128391084,0.9980429579544502,0.3822608579802811,0.8300000000000001
0.0,0.510475423045931,0.14101722108845005,0.37746469491073853,0.8300000000000001
0.0,0.8433219178082194,0.9966148461914818,0.7387756461497474,0.8300000000000001
0.0,0.8122817620198766,0.8631657358962944,0.9961697308819595,0.8300000000000001
0.0,0.6229351329572927,0.0936955918068696,0.0,0.8200000000000001
0.0012645555614101411,0.7723609991941984,0.41780643796308925,0.03906874500399482,0.8200000000000001
0.005339234592619979,0.7457191780821919,0.30080705945617126,0.17176258992805415,0.8200000000000001
0.0037936666842299793,0.5840216223475692,0.29534144653616756,0.5679789501731953,0.8200000000000001
0.0,0.8650282030620469,0.13916596509941648,0.0,0.8200000000000001
0.00969492597081012,0.6460851463873221,0.2687538843317624,0.3953170796695993,0.8200000000000001
0.017282259339269634,0.7524006177813594,0.24563963098297248,0.2900679456434858,0.8200000000000001
0.014682895129704887,0.7878726833199037,0.33883714677374543,0.0,0.8200000000000001
0.0023183518625851107,0.7297542304593072,0.3303213692241913,0.0,0.8200000000000001
0.0,0.5684427880741338,0.2873722302786138,0.29832800426325434,0.8200000000000001
0.0025291111228200602,0.47416398066075754,0.1467825611685829,0.0,0.8200000000000001
0.0033721481637598583,0.8487946548482408,0.13953621629722324,0.0,0.8200000000000001
0.0063227778070500396,0.408961187214612,0.3503149339057532,0.7321143085531574,0.8200000000000001
0.0,1.0000000000000002,0.4710697174189963,0.37746469491073853,0.8200000000000001
0.010116444491279797,0.5367143432715553,0.8998558664979966,0.36787236877164986,0.81
0.014120870435744948,0.691713671770078,0.897175953066253,0.4150346389555004,0.81
0.010116444491279797,0.7277397260273974,0.8405275198018275,0.10275113242738954,0.81
0.027609463090784603,0.7709004834810638,0.9153182617587815,1.0,0.81
0.00800885188893008,0.6916968842331455,0.7967849854323784,0.4755195843325346,0.81
0.019108839594639715,0.49719648133225897,0.9191794528216227,1.0,0.81
0.012786061787589675,0.5504633360193394,0.8718930855588808,0.8629429789501728,0.81
0.0,0.774627316680097,0.9562574656305513,0.7771449507061021,0.81
0.6575688919331897,0.9957695406929898,0.9263729046647243,0.0,0.8
0.9999999999999998,0.9904814665592268,0.9700625460059155,0.0,0.8
0.04046577796511941,0.9661059629331186,0.41510889352192615,0.0,0.8
0.25544022340481587,0.9800564061240937,0.512872840752315,0.0,0.8
0.0,0.642526188557615,0.6371538261494315,0.49577005062616664,0.79
0.0033721481637598583,0.41614625302175673,0.2356957416704496,0.41023847588595785,0.79
0.002107592602350161,0.6349717969379534,0.4045479188797254,0.29086730615507506,0.79
0.018757574160914725,0.3484589041095891,0.5407298356349145,0.46859179323208267,0.79
0.0,0.7090719849583671,0.4729738664362879,0.38865574207300924,0.79
0.0,0.6490733279613217,0.896893856915543,0.19494404476418836,0.79
0.005058222245639898,0.18538477034649486,0.507248548747537,0.5304090061284299,0.79
0.0,0.22597703464947633,0.5141775354493482,0.47738475885957854,0.79
0.0,0.18699637389202267,0.09314903051486922,0.4901745270450313,0.79
0.03119237051477941,0.3298751007252217,0.18925566285983753,1.0,0.79
0.08240687075188369,0.3275584206285255,0.8054947040855457,0.3838595790034631,0.79
0.0891511670794034,0.329623287671233,0.47396120296377253,0.3958499866773231,0.79
0.0,0.4946951383293044,0.8192997844609099,0.37746469491073853,0.79
0.03098161125454446,0.661764705882353,0.8179421967356187,0.3572142286171065,0.79
0.0,0.9777900886381954,0.9940230878068347,0.9418132160937915,0.78
0.0,0.9554123019070644,0.98302133792915,0.4736544098054907,0.78
0.0,0.8548549556809026,0.9010371441290942,0.5757061017852365,0.78
0.0,0.9699838839645449,0.9495400510417723,0.37746469491073853,0.78
0.0,0.9235327692720925,0.9492226928722237,0.4558020250466299,0.78
0.0,0.8942888799355362,0.931027491151437,0.41263655742072913,0.78
0.0,0.964091458501209,0.9818224292886327,1.0,0.78
0.007587333368459959,0.9052679290894441,0.9879403895571531,0.7419730881961115,0.78
0.0,0.9331688154713944,0.6628069448546102,0.13525845989874696,0.78
0.0,0.9439967767929092,0.6454051385576952,0.0,0.78
0.5201538542599717,0.898620064464142,0.8608031806340993,0.37746469491073853,0.77
0.7134200958954635,0.913779210314263,0.9626575220497814,0.43901545430322386,0.77
0.06955055587754888,0.9170024174053184,0.7872113473176622,0.3958499866773231,0.77
0.26745350123821066,0.9313557614826755,0.8465044319949927,0.39664934718891587,0.77
0.3045471310395702,0.9532131345688961,0.7955508147730227,0.3798627764455098,0.77
0.0891511670794034,0.9261684125705079,0.7973139157149595,0.3838595790034631,0.77
0.5414405395437065,0.9331184528605967,0.8406333058583436,0.39904742872368715,0.77
0.5724221507982508,0.8635676873489124,0.8648583128005535,0.43102184918731723,0.76
0.21644976026134155,0.8295057749127048,0.7308273791945273,0.37746469491073853,0.76
0.6579904104536596,0.9220386784850927,0.9902147897722514,0.37746469491073853,0.76
0.6582011697138943,0.8945910556003225,0.9982545300674827,0.43022248867572443,0.76
0.9999999999999998,0.8835616438356164,0.8247653973809136,0.5517252864375166,0.76
0.9999999999999998,0.7885777598710719,0.6431836313708549,0.4550026645350371,0.76
0.1707150007903473,0.871273166800967,0.7112922207578688,0.3838595790034631,0.76
0.6586929413211096,0.9060737308622082,0.8479854367862195,0.3822608579802811,0.76
0.7798092628694875,0.9280318291700242,0.9984661021805151,0.37746469491073853,0.76
0.6607302808367146,0.8836120064464144,0.781234435124497,0.37746469491073853,0.76
0.0,0.7413376309427882,0.698033701674505,0.9721889155342396,0.75
0.1578586859160125,0.9268734891216763,0.6940138315268894,0.3902544630961913,0.75
0.0,0.740783642224013,0.6404155628920144,0.4582001065814012,0.75
0.40044259444649355,0.9459609186140212,0.8655459221679088,0.38066213695709905,0.75
0.5035038727014072,0.954421837228042,0.7378445209434353,0.37746469491073853,0.75
0.4651456873386375,0.951903706688155,0.7952510876128934,0.3662736477484678,0.75
0.04552400021075931,0.9398670427074942,0.6476795387727935,0.37746469491073853,0.75
0.004004425944464929,0.9468170829975826,0.690963666897339,0.37746469491073853,0.75
0.004215185204699878,0.9522058823529416,0.7849369471025641,0.37746469491073853,0.75
0.0,0.5677880741337631,0.8102198146099361,0.014022115640820232,0.74
0.05564044470203933,0.5721696212731668,0.7061263349979944,0.20000666133759637,0.74
0.0,0.1964141821112007,0.609966809624768,0.44407807087663187,0.74
0.0,0.48274241203330664,0.8466102180515088,0.2626232347455364,0.74
0.0,0.5027195809830782,0.7704971503881025,1.0,0.74
0.0,0.4795863550899813,0.813922326588003,0.5360045297095652,0.74
0.0,0.39009199570239056,0.8377418203135675,1.0,0.74
0.023605037146319674,0.4926470588235295,0.7360108959638211,0.2263855582200911,0.74
0.0,0.8233783239323129,0.6858330431563032,0.5495936584066108,0.74
0.0,0.5610394842868656,0.7126321774737406,0.23704369837463446,0.74
0.027187944570314704,0.6681607574536665,0.712737963530257,0.3897215560884604,0.74
0.0,0.39469178082191786,0.792923794369537,1.0,0.74
0.35534011275620436,0.7046568627450982,0.8313065018754987,0.37533306687982915,0.73
0.8953053374782656,0.37400953532097775,0.5877517377563658,0.0,0.73
0.49844565045576705,0.770648670427075,0.8170430152552309,0.32683852917665845,0.73
0.35400530410804953,0.38406526994359397,0.6560366372375733,0.2077338129496411,0.73
0.4872754096633123,0.8376813053988721,0.706443693167543,0.07237543298694504,0.73
0.7517782812582332,0.6572824335213538,0.6008515777549551,0.0,0.73
0.3396034213253245,0.5665290088638197,0.5286173321638096,0.0,0.73
0.002107592602350161,0.5093170829975826,0.6918452173683073,0.7987276845190507,0.72
0.0,0.36207359656191257,0.7095643818347709,0.472588595790036,0.72
0.012434796353864908,0.41681775449906006,0.7408946855729858,0.5781041833200113,0.72
0.0027398703830550097,0.43372280419016934,0.5766970948504228,1.0,0.72
0.0,0.3900584206285255,0.8273747867749798,0.4174327204902717,0.72
0.0,0.39158608648939036,0.7238631304738773,0.6516453503863566,0.72
0.0063227778070500396,0.37812248186946024,0.8121239636272274,0.967392752464697,0.72
0.0,0.3937348912167608,0.7435745990047294,1.0,0.72
0.016439222298329836,0.44992277733011016,0.7186619826951642,1.0,0.72
0.0933663522841035,0.5051369863013699,0.9020950046942563,0.3521516120436985,0.72
0.004847462985404949,0.3979653505237712,0.8151917592661974,1.0,0.72
0.008360117322654848,0.3974617244157937,0.7425696314678255,1.0,0.72
0.004425944464934828,0.5740834004834812,0.7215182062211015,0.37746469491073853,0.72
0.010327203751514746,0.5417506043513298,0.7429751446844709,1.0,0.72
0.0,0.4423348106365835,0.8480912228427359,1.0,0.72
0.012013277833394786,0.48962530217566486,0.7204074526276815,0.6929456434852135,0.72
0.0,0.28882957292506056,0.780811290898432,0.46779243272048987,0.72
0.0054797407661100195,0.4950644641418212,0.7792245000506891,0.6092792432720486,0.72
0.0023183518625851107,0.4587362342197154,0.8839703270111471,1.0,0.72
0.010748722271984867,0.31461522965350536,0.747594469152345,0.6748268052224908,0.72
0.0,0.9464645447219988,0.6284441074962644,0.4286237676525424,0.71
0.0,0.9090451248992748,0.7541708356657689,0.37746469491073853,0.71
0.010116444491279797,0.9394641418211123,0.7125792844454827,0.4494071409539053,0.71
0.016439222298329836,0.9560502283105026,0.7355348587094982,0.7619571009858781,0.71
0.002107592602350161,0.9433924254633361,0.7071313025348983,0.5360045297095652,0.71
0.005058222245639898,0.9525584206285258,0.7581201817757072,0.44221289634958794,0.71
0.012856314874334807,0.9654008863819501,0.7380737240658871,0.46619371169730783,0.71
0.00800885188893008,0.9343271555197423,0.7423051663265351,0.48537836397548517,0.71
0.0,0.7228545527800163,0.33862557466071297,0.38465893951505237,0.7000000000000001
0.004636703725169999,0.7567653773838303,0.3296513908662553,1.0,0.7000000000000001
0.00716581484799006,0.72053787268332,0.2960995799412003,0.691080468958166,0.7000000000000001
0.0,0.7203867848509269,0.34645374284291186,0.938615774047431,0.7000000000000001
0.0,0.7409347300564062,0.3512141153861409,1.0,0.7000000000000001
0.0014753148216450906,0.7151994359387592,0.3446024868538783,0.5232147615241161,0.7000000000000001
0.004215185204699878,0.7288477034649479,0.35740259969233856,0.4121036504130018,0.7000000000000001
0.9999999999999998,0.8295729250604353,0.46181343747382875,0.34922062350119987,0.6900000000000001
0.9999999999999998,0.8170326349717971,0.36131668378343806,0.0,0.6900000000000001
0.9999999999999998,0.7697085683588505,0.39927624706333475,0.22878363975486238,0.6900000000000001
0.9999999999999998,0.952306607574537,0.41341631661766687,0.24477084998667564,0.6900000000000001
0.9999999999999998,0.7901893634165997,0.47741688080996836,0.3457567279509739,0.6900000000000001
0.010116444491279797,0.5581016653236639,0.9875172453310884,0.411570743405278,0.68
0.0054797407661100195,0.49063255439161974,0.9845552357486346,0.33163469224620457,0.68
0.0033721481637598583,0.7684662906258395,0.8678203223830073,0.0,0.68
0.0037936666842299793,0.5417506043513298,0.8450057961943466,0.35774713562483385,0.68
0.0027398703830550097,0.45858514638732223,0.992788917147479,0.38785638156141644,0.68
0.0,0.7219983883964547,0.5968317076073396,0.0297428723687716,0.68
0.010537963011749696,0.5605358581788882,0.9280125885407254,0.31777911004529713,0.68
0.0037936666842299793,0.6339645447219984,0.8304249514045304,0.0,0.68
0.0,0.5705748052645718,0.9722311601644974,0.37613242739142194,0.68
0.00393417285772002,0.5238383024442654,0.9716493368536582,0.36280975219824185,0.68
0.007587333368459959,0.577054794520548,0.9980958509827084,0.36787236877164986,0.68
0.32625533484377467,0.9752215954875103,0.9655666386039766,0.48537836397548517,0.67
0.4402760946309079,0.978998791297341,0.9167992665500083,0.5533240074606987,0.67
0.00660379015403012,0.9991941982272363,0.9105578892155525,0.45660138555821916,0.67
0.03688287054112438,0.9952155519742145,0.8786633931759177,0.48537836397548517,0.67
0.03519679645924456,0.998640209508461,0.8973875251792854,0.4182320810018645,0.67
0.10221824121397338,0.999043110394843,0.8886778065261182,0.3974487077005051,0.67
0.9999999999999998,0.9350825946817085,0.8864915613581167,0.0,0.67
0.04594551873122921,0.9988416599516521,0.8727393740110104,0.4078403943511866,0.67
0.06891827809684403,0.9994963738920228,0.8533628946591266,0.39664934718891587,0.67
0.9999999999999998,0.9665088638195005,0.8574003958161615,0.0,0.67
0.022129722324674805,1.0000000000000002,0.8525871302446743,0.36520783373301313,0.67
0.003301895077014949,0.5078565672844482,0.44049754708581423,0.3470889954702905,0.66
0.0,0.4070474080042977,0.4338682875441324,0.4270250466293639,0.66
0.0,0.5149576954069299,0.45758199521318077,0.5149547029043404,0.66
0.0088518889298701,0.4859991941982273,0.4399686168032333,0.64365174527045,0.66
0.0088518889298701,0.4927477840451249,0.4228312756476088,0.6889488409272602,0.66
0.0,0.5134971796937955,0.42970736932116194,0.5863642419397834,0.66
0.004425944464934828,0.5239390276658611,0.4461571011094311,0.44274580335731173,0.66
0.002107592602350161,0.4926974214343272,0.6010807808774071,0.40224487077004767,0.65
0.0033721481637598583,0.4779915390813861,0.4817541091271327,0.37533306687982915,0.65
0.0029506296432901813,0.4651994359387592,0.5608820794012508,0.3633426592059692,0.65
0.010537963011749696,0.5111804995970992,0.40973143564901926,0.37746469491073853,0.65
0.007587333368459959,0.4879801235562719,0.5928999925068207,0.37746469491073853,0.65
0.005058222245639898,0.5112308622078969,0.5533183763603424,0.4158339994670932,0.65
0.006744296327519939,0.4492848509266721,0.5532125903038262,0.4017119637623239,0.65
0.0,0.3833098307816278,0.4696063436371889,0.8333666400213176,0.65
0.0,0.4523905452591997,0.5806111789415223,0.37746469491073853,0.65
0.006955055587754888,0.5190370668815472,0.4573704231001483,0.37746469491073853,0.65
0.0088518889298701,0.6374395648670428,0.4850511078885542,0.37453370636823635,0.65
0.00800885188893008,0.5149073327961322,0.5592247645158303,0.37506661337596725,0.65
0.00906264819010505,0.5545427074939566,0.46419362374544326,0.3406941113775659,0.65
0.9195426524052903,0.9458937684662909,1.0,0.3894551025845985,0.64
0.10980557458243312,0.6210045662100458,0.9217712112062696,0.37746469491073853,0.64
0.12076505611465316,0.2679290894439969,1.0,0.37746469491073853,0.64
0.0,0.37723274241203336,0.7256967554534913,0.9215627498001595,0.63
0.0029506296432901813,0.2376107977437551,0.7248504670013619,0.7107980282440707,0.63
0.0029506296432901813,0.2786059629331185,0.6885658496163051,0.9689914734878791,0.63
0.0,0.3796333601933925,0.7554755303628021,0.8312350119904082,0.63
0.0,0.8675799086757991,0.9695336157233344,0.37746469491073853,0.62
0.0,0.8562986838571047,0.9573153261957129,0.37746469491073853,0.62
0.00800885188893008,0.8882453666398069,0.8722633367566875,0.37746469491073853,0.62
0.010959481532219817,0.7454841525651359,0.9329845331969869,0.3830602184918739,0.62
0.016649981558564564,0.7602068224550096,0.9895271804048963,0.38545830002664516,0.62
0.0029506296432901813,0.7576383293043247,0.9500689813243534,0.3830602184918739,0.62
0.0,0.6459508460918615,0.9801122213749544,0.37746469491073853,0.62
0.0033721481637598583,0.7493956486704274,0.9969850973892883,0.37746469491073853,0.62
0.0016860740818800402,0.8156224818694602,0.9733948067861756,0.37746469491073853,0.62
0.8948838189577957,0.46429290894439973,0.3971252639141719,0.401445510258462,0.61
0.6537752252489597,0.703062046736503,0.6878429782301111,0.3899880095923258,0.61
0.900785078244376,0.7665860864893905,0.6658923715029993,0.3838595790034631,0.61
0.9999999999999998,0.8442452323395113,0.7320086568256249,0.37746469491073853,0.61
0.9999999999999998,0.7979116304055871,0.8721575507001714,0.37746469491073853,0.61
0.9999999999999998,0.6329237174321785,0.609437879342187,0.37746469491073853,0.61
0.8567363928552612,0.8912167606768737,0.7411944127331148,0.37746469491073853,0.61
0.5355392802571266,1.0000000000000002,0.9443036412442202,0.37746469491073853,0.6
0.9999999999999998,1.0000000000000002,0.9510739488612571,0.37746469491073853,0.6
0.9999999999999998,0.9978344077356971,0.8854865938212128,0.37746469491073853,0.6
0.9267084672532804,1.0000000000000002,0.9735534858709499,0.37746469491073853,0.6
0.4227830760314033,0.9992949234488318,0.8485143670688006,0.37746469491073853,0.6
0.748827651614943,0.9991941982272363,0.9704327972037218,0.37746469491073853,0.6
0.9999999999999998,0.7003928283642225,0.7251149321426525,0.3838595790034631,0.59
0.9999999999999998,0.9710918614020954,0.8477209716449291,0.37746469491073853,0.59
0.9999999999999998,0.9719480257856568,0.8387467878504714,0.39824806821209435,0.59
0.9302913746772752,0.8801369863013702,0.8235488577309772,0.37746469491073853,0.59
0.20717635281100177,0.06532030620467372,0.24093215146800162,0.32923661071142973,0.59
0.0,0.8658843674456085,0.9351002543273109,0.4086397548627758,0.58
0.004636703725169999,0.54285858178888,0.8750137742261089,1.0,0.58
0.00681454941426507,0.6939464141821114,0.9716493368536582,0.38625766053823796,0.58
0.0023183518625851107,0.645010744023637,0.9029941861746441,0.4280908606448186,0.58
0.0027398703830550097,0.5047844480257857,0.7484936506327328,1.0,0.58
0.003161388903525131,0.6012288477034651,0.8343919285238878,1.0,0.58
0.0054797407661100195,0.6204673650282033,0.9376920127119578,0.48031574740207716,0.58
0.13172453764687297,0.4990934730056407,0.8913577199578618,0.0,0.58
0.012856314874334807,0.5588235294117647,0.8282034442176901,1.0,0.58
0.004215185204699878,0.45552981466559234,0.8687195038633949,1.0,0.58
0.0,0.6642324738114427,0.9168168975594274,0.6852184918731687,0.58
0.0027398703830550097,0.7025080580177279,0.8423787757908611,1.0,0.58
0.0,0.7630439161966158,0.9666773921973969,0.38785638156141644,0.58
0.0063227778070500396,0.6608581788879937,0.9221943554323345,0.3894551025845985,0.58
0.0023183518625851107,0.6430801772763901,0.9823866215900526,0.4326205702104957,0.58
0.0016860740818800402,0.7515948160085955,0.6460927479250506,0.39771516120437056,0.5700000000000001
0.012505049440609817,0.8447824335213541,0.6044130416576675,0.4653943511857186,0.5700000000000001
0.013418339568294746,0.7694399677679293,0.6010807808774071,0.37959632294164436,0.5700000000000001
0.0063227778070500396,0.5985092667203868,0.4965641570394007,0.3734678923527852,0.5700000000000001
0.006955055587754888,0.5711623690572121,0.5317909138592956,0.4667266187050352,0.5700000000000001
0.0042854382914450095,0.8354653505237712,0.6091205211726384,0.40331068478550236,0.5700000000000001
0.014963907476684968,0.7774979854955681,0.5881925129918499,0.0,0.56
0.00821961114916503,0.9104552780016117,0.6325168706721379,0.0,0.56
0.0063227778070500396,0.731970185334408,0.6283735834585867,0.36307620570210375,0.56
0.03329996311712957,0.9157265645984425,0.5667532055378999,0.0595856648014923,0.56
0.0,0.9331688154713944,0.6698240866035182,0.053190780708767704,0.56
0.006744296327519939,0.9052175664786464,0.4812075478351323,0.09209299227284617,0.56
0.03519679645924456,0.9304995970991139,0.6144274550078678,0.09902078337330167,0.56
0.004215185204699878,0.9375335750738654,0.9169050526065244,0.2882027711164383,0.56
0.0,0.9239020950846093,0.6310006038620725,0.3558819610977899,0.56
0.9999999999999998,0.9624294923448833,0.6936435803290827,0.9402144950706095,0.55
0.6815954475999793,0.9589041095890414,0.7249562530578783,0.9841793232080995,0.55
0.9999999999999998,0.9702860596293315,0.7273364393294927,0.37746469491073853,0.55
0.9999999999999998,0.9869057211925869,0.7023180369634111,0.37746469491073853,0.55
0.9999999999999998,0.9548751007252219,0.7019477857656043,0.37746469491073853,0.55
0.0,0.6300866236905722,0.6111833492747042,0.39824806821209435,0.54
0.0,0.8003122481869462,0.5489458860243395,0.5701105782041047,0.54
0.13088150060593295,0.48534448025785676,0.7008899252004425,0.3838595790034631,0.54
0.0012645555614101411,0.8093271555197423,0.4919095705526879,0.3822608579802811,0.54
0.0063227778070500396,0.5569097502014506,0.808738809818709,0.37746469491073853,0.54
0.3150850940513199,0.8444466827827022,0.553582841501633,0.10674793498534285,0.53
0.568417724853786,0.844580983078163,0.60044606453831,0.2191913136157737,0.53
0.13931187101533293,0.8815975020145046,0.6613788330916414,0.6356581401545434,0.53
0.008149358062419898,0.6348710717163579,0.42875529481251606,0.08942845723420945,0.53
0.2659781864165658,0.8465954875100727,0.5212123082076755,0.04253264055422079,0.53
0.9878286527214291,0.8374798549556812,0.5926707893843691,0.0,0.53
0.42805205753727815,0.8997280419016924,0.6824302583383653,0.5786370903277387,0.53
0.256704778966226,0.52633964544722,0.8260877230873659,0.37746469491073853,0.52
0.0,0.876494090787,0.9228290717714317,0.37746469491073853,0.52
0.3633489646451342,0.8865330378726834,0.8081040934796119,0.37746469491073853,0.52
0.09526318562621872,0.5084441310770884,0.9156356199283301,0.37746469491073853,0.52
0.16291690816165239,0.4934024979854957,0.9722311601644974,0.37746469491073853,0.52
0.16628905632541247,0.4963738920225626,0.9644558850105566,0.3758659738875565,0.52
0.0027398703830550097,0.8129029008863822,0.44155540765097634,1.0,0.51
0.019600611201854745,0.628088906795595,0.5879104168411401,0.8088529176658668,0.51
0.011381000052689716,0.5368150684931507,0.629537230080265,0.37906341593392057,0.51
0.007587333368459959,0.8108883964544724,0.48589739634068385,1.0,0.51
0.012224037093629736,0.3850893096964814,0.527629995636325,0.36414201971755844,0.51
0.03161388903524953,0.5821917808219179,0.23167587152283398,0.6039501731947787,0.51
0.0025291111228200602,0.8319399677679293,0.46287129803899074,0.950606181721291,0.51
0.10095368565256346,0.7440068493150687,0.5530539112190519,0.37959632294164436,0.51
0.16987196374940727,0.6339141821112007,0.35190172475349624,0.4904409805488932,0.51
0.08830813003846383,0.7686341659951654,0.5426339846522061,0.5829003463895539,0.51
0.002107592602350161,0.2711019339242548,0.9246274347322069,0.24557021049826844,0.5
0.0,0.5949838839645449,0.661114367950351,0.3646749267252858,0.5
0.004215185204699878,0.9085918614020954,0.8748022021130765,0.6772248867572621,0.5
0.00800885188893008,0.4303988718775182,0.8277274069633672,0.4384825472954965,0.5
0.0088518889298701,0.6936946011281226,0.7568154870786737,0.37506661337596725,0.5
0.0025291111228200602,0.7916498791297342,0.7025296090764436,0.3838595790034631,0.5
0.0,0.8054995970991139,0.784884054074306,0.4043764988009606,0.5
0.0,0.7035656728444803,0.7935585107086341,0.40837330135891037,0.5
0.004636703725169999,0.542741069030352,0.6788335324168145,0.8053890221156408,0.5
0.005831006199834787,0.5825275315605696,0.7808818149361095,0.38865574207300924,0.5
0.007587333368459959,0.5345991136180501,0.6908931428596615,0.8728017585931269,0.5
0.006744296327519939,0.6075745366639809,0.8522697720751257,1.0,0.5
0.0059012592865799185,0.5535690303518668,0.7749930577900411,0.3830602184918739,0.5
0.0018968333421149897,0.6506345688960518,0.5343474102251037,0.7004063415933928,0.49
0.0,0.743956486704271,0.5852128723999769,0.5112243538502526,0.49
0.0,0.7502014504431913,0.3029756736147534,0.04253264055422079,0.49
0.002107592602350161,0.23675463336019337,0.5005311341587583,0.602884359179324,0.49
0.0,0.31385979049153917,0.5523310398328579,0.5501265654143346,0.49
0.0018968333421149897,0.7180197421434329,0.39813023145107596,0.28660405009325984,0.49
0.002107592602350161,0.2633964544721999,0.4053589453130163,0.3561484146016518,0.49
0.0,0.6064161966156327,0.49407818471126996,1.0,0.49
0.0,0.6702759871071717,0.5296222997007134,0.31991073807620296,0.49
0.0012645555614101411,0.6407299221058287,0.3132369210968249,0.32390754063415983,0.49
0.9999999999999998,0.9207964007520819,0.9164642773710402,0.37906341593392057,0.48
0.9999999999999998,0.9733581788879937,0.782345188717917,1.0,0.48
0.9999999999999998,0.9893231265108786,0.8318001701392407,0.5170863309352498,0.48
0.9999999999999998,0.9507957292506046,0.5746518977577763,0.5770383693045567,0.48
0.9999999999999998,0.9822219983883966,0.5666474194813836,0.4286237676525424,0.48
0.9999999999999998,0.9718473005640613,0.6969229480810849,0.34922062350119987,0.48
0.9999999999999998,0.9459609186140212,0.8293670908393683,0.5602517985611506,0.48
0.14479161178144273,0.6180331721729788,0.3157757864532137,0.04866107114308349,0.47000000000000003
0.14141946361768287,0.8984186140209509,0.49658178804882014,0.0,0.47000000000000003
0.14647768586332277,0.8870534515175936,0.4394925795489104,0.13525845989874696,0.47000000000000003
0.14921755624637756,0.8920225624496376,0.3590070215495009,0.19600985877964305,0.47000000000000003
0.19958901944254204,0.7680801772763903,0.43935153147355543,0.3374966693312018,0.47000000000000003
0.16207387112071237,0.8879264034380878,0.41137111952502037,0.29379829469757723,0.47000000000000003
0.9999999999999998,0.7375604351329577,0.6648168799284179,0.37506661337596725,0.46
0.9999999999999998,0.7385173247381147,0.6499539389878918,0.37133626432187583,0.46
0.9999999999999998,0.7268499865699707,0.6459869618685342,0.31165067945643443,0.46
0.9999999999999998,0.736620333064733,0.6151150643752231,0.3686717292832391,0.46
0.9999999999999998,0.7176336287939835,0.642707594116532,0.36920463629096645,0.46
0.05290057431898432,0.8977135374697827,0.7841435516786924,0.6204702904343193,0.45
0.028030981611254724,0.8927780016116038,0.7677996059469393,0.7851385558220088,0.45
0.012856314874334807,0.9136784850926676,0.8267224394264633,0.5565214495070592,0.45
0.014120870435744948,0.8861301369863015,0.8125471078532923,0.7275845989874767,0.45
0.021918963064439856,0.928686543110395,0.767111996579584,0.6060818012256846,0.45
0.20296116760630167,0.8279613215149075,0.8055123350949648,0.3974487077005051,0.45
0.0018968333421149897,0.9610193392425466,0.8170430152552309,0.4653943511857186,0.45
0.010537963011749696,0.9109085414987914,0.80286768368206,1.0,0.45
0.009273407450339999,0.9347300564061243,0.7527250928933807,1.0,0.45
0.0,0.9348811442385174,0.7947750503585705,1.0,0.45
0.0,0.2402800161160355,0.7990064926192185,0.32550626165734187,0.44
0.0,0.520850120870266,0.7984246693083795,1.0,0.44
0.0,0.3945406929895246,0.8285736954154969,1.0,0.44
0.007587333368459959,0.48962530217566486,0.577860741472101,0.6998734345856654,0.44
0.0,0.45749395648670427,0.918386057397751,1.0,0.44
0.0,0.4791163040558691,0.6633887681654492,1.0,0.44
0.004215185204699878,0.396051571313457,0.7544705628258982,0.6636357580602201,0.44
0.006112018546814868,0.7014840182648405,0.8284150163307226,0.5338729016786559,0.44
0.0,0.8620064464141823,0.40336664124862776,0.0076272315480956365,0.43
0.0,0.9935032232070913,0.4471620686463349,0.0,0.43
0.021286685283734785,0.8456385979049157,0.6783574951624917,0.0,0.43
0.0432056483481742,0.8100993822186411,0.3435446262887164,0.0,0.43
0.025501870488434664,0.9664081385979051,0.7596011865669338,0.15071276312283644,0.43
0.0,1.0000000000000002,0.467878504714091,0.0,0.43
0.013488592655039877,0.9902800161160359,0.3277296108395443,0.13445909938715772,0.43
0.13636124137204275,0.9204270749395651,0.7209892759385205,0.0,0.43
0.004004425944464929,0.930046333601934,0.13604527643218856,0.14565014654942843,0.43
0.026134148269139734,0.48035858178887997,0.5256024295530979,0.39664934718891587,0.42
0.006955055587754888,0.5577323395111471,0.508782446567022,0.28660405009325984,0.42
0.0012645555614101411,0.624597099113618,0.6898881753227576,0.2213229416466831,0.42
0.002107592602350161,0.40557010475423055,0.6004813265571486,0.4222288835598178,0.42
0.0023183518625851107,0.5799590384098845,0.5853186584564931,0.40011324273914184,0.42
0.0042854382914450095,0.6301705613752351,0.8065701956601269,0.4049094058086844,0.41000000000000003
0.0,0.7123791297340856,0.8103784936947104,0.36787236877164986,0.41000000000000003
0.0,0.6348374966424928,0.7697213859736504,0.6348587796429506,0.41000000000000003
0.0,0.7817788074133767,0.7390786916027908,0.0,0.41000000000000003
0.0,0.6414182111200646,0.7752398919219122,0.39638289368505397,0.41000000000000003
0.00716581484799006,0.6325543916196616,0.7870526682328879,0.4235611510791344,0.41000000000000003
0.0014753148216450906,0.6517929089443999,0.7749930577900411,0.6210031974420467,0.41000000000000003
0.0014753148216450906,0.6065001343002956,0.7856950805075967,0.6396549427124967,0.41000000000000003
0.002107592602350161,0.6245635240397531,0.8855394868494707,0.34549027444710845,0.41000000000000003
0.6004531324095053,0.9963235294117649,0.9995239627456772,0.37906341593392057,0.4
0.3625059276041942,0.99219379532635,0.9980958509827084,0.37746469491073853,0.4
0.34986037199009457,0.9362409347300567,0.9988363533783219,0.37932986943778246,0.4
0.40423626113072375,0.9978344077356971,0.9976727067566437,0.37746469491073853,0.4
0.34121924232045964,0.9867210582863286,0.9963503810501911,0.3777311484146004,0.4
0.47167922440592247,0.995517727639001,1.0,0.37746469491073853,0.4
0.36271668686442937,0.9741136180499599,0.9985895192464508,0.3798627764455098,0.4
0.2975920754518153,0.9978344077356971,0.9987129363123864,0.37506661337596725,0.4
0.3372148163759947,0.9085918614020954,0.9889982501223152,0.4867106314948053,0.4
0.28874018652194544,1.0000000000000002,1.0,0.37746469491073853,0.4
0.3804204647241689,0.9974818694601129,0.9982016370392245,0.37746469491073853,0.4
0.6234258917751199,0.8510273972602742,0.8173603734247795,1.0,0.39
0.2746193160862005,0.7748119795863553,0.7392373706875651,0.5586530775379686,0.39
0.0,0.7574536663980664,0.8795096816280473,0.37746469491073853,0.39
0.10032140787185861,0.3734891216760678,0.9433515667355746,0.37746469491073853,0.39
0.026977185310079754,0.6535052377115231,0.9576150533558424,0.37746469491073853,0.39
0.0,0.4727538275584208,0.8169372291987148,0.37746469491073853,0.39
0.7332314663575532,0.8873556271823801,0.9772559978490168,1.0,0.39
0.5064545023446969,0.6756815739994628,0.9051099073049679,1.0,0.39
0.3026502976974552,0.9065269943593879,0.8126000008815503,1.0,0.39
0.9999999999999998,0.6475456621004567,0.8139046955785835,0.5615840660804672,0.39
0.0708151114389588,0.9624127048079507,0.7463426674835699,0.37746469491073853,0.38
0.059223352126034134,0.8356668009669623,0.97856069254605,0.38465893951505237,0.38
0.35491859423573424,0.928283642224013,0.8261053540967854,0.3894551025845985,0.38
0.09505242636598354,0.9024979854955681,0.7067610513370916,0.37746469491073853,0.38
0.03625059276041931,0.9048650282030621,0.7048569023198,0.37320143884891976,0.38
0.025080351967964543,0.8838638195004029,0.6976105574484402,0.37746469491073853,0.38
0.1780915748985723,0.8321414182111204,0.9817519052509555,0.37746469491073853,0.38
0.5749512619210708,0.7091727101799625,0.8122826427120017,0.37746469491073853,0.38
0.014963907476684968,0.9162973408541499,0.7417233430156959,0.3902544630961913,0.38
0.9654881711365195,0.904478914853613,0.6275272950064573,0.5549227284838807,0.37
0.817605423538297,0.8802880741337633,0.6052064370815388,0.40917266187050316,0.37
0.9736375291989396,0.8212966693526729,0.6669854940870003,0.4733879563016252,0.37
0.9999999999999998,0.875654713940371,0.604113314497538,0.6268651745270475,0.37
0.9999999999999998,0.865783642224013,0.6582052513961555,1.0,0.37
0.9512267945272848,0.8279781090518401,0.637224350187109,0.7795430322408734,0.37
0.9999999999999998,0.5056406124093473,0.44922489674840094,0.411570743405278,0.36
0.9999999999999998,0.4660052377115231,0.6409092311557566,1.0,0.36
0.9999999999999998,0.5013094278807413,0.49545340344598066,0.24557021049826844,0.36
0.9999999999999998,0.5573126510878326,0.5849484072586865,0.3953170796695993,0.36
0.5346962432161866,0.4844379532634973,0.5084827194068926,0.4984345856647998,0.36
0.9999999999999998,0.5222602739726028,0.5756921273135188,0.4747202238209418,0.36
0.9999999999999998,0.4683722804190171,0.47283281836093305,0.3947841726618684,0.36
0.9999999999999998,0.5462832393231265,0.5279297227964542,0.30578870237143363,0.36
0.9999999999999998,0.9623791297340856,0.6728566202236493,0.3534838795630151,0.35000000000000003
0.9999999999999998,0.9981869460112813,0.6947543339225027,0.0,0.35000000000000003
0.9999999999999998,0.9633863819500406,0.6104957399073488,0.1304622968292044,0.35000000000000003
0.9999999999999998,0.9464309696481334,0.5795180563575215,0.37000399680255924,0.35000000000000003
0.9999999999999998,0.9536663980660758,0.5833087233826854,0.3412270183852897,0.35000000000000003
0.9999999999999998,0.9571917808219181,0.5491045651091138,0.36920463629096645,0.35000000000000003
0.9999999999999998,0.9539182111200646,0.5765384157656485,0.34655608846256314,0.35000000000000003
0.9999999999999998,0.9748186946011284,0.6156263636483846,0.3564148681055137,0.35000000000000003
0.9999999999999998,0.5109790491539081,0.32090641019424937,0.8291033839594988,0.34
0.9999999999999998,0.519523905452592,0.38612351403648715,0.38865574207300924,0.34
0.9593761525897044,0.482322723609992,0.3642258003376335,0.39265254463096255,0.34
0.9999999999999998,0.5383930969648134,0.36761095414615197,0.3894551025845985,0.34
0.6510353548659047,0.4735596293311846,0.35068518510355984,0.3822608579802811,0.34
0.46725327994098764,0.45930701047542316,0.4093435534417932,0.37746469491073853,0.34
0.026977185310079754,0.9907332796132153,0.9282594226725965,0.4613975486277653,0.33
0.0059012592865799185,0.995517727639001,0.9632922383888786,0.4262256861177711,0.33
0.004425944464934828,0.9930499597099116,0.9763215543497904,0.5461297628563813,0.33
0.06554612993308395,0.9915390813859792,0.886650240442891,0.37746469491073853,0.33
0.9999999999999998,0.5467365028203064,0.6447175291903399,0.37559952038369104,0.32
0.9999999999999998,0.5407937147461725,0.6317587372671053,0.3894551025845985,0.32
0.9999999999999998,0.5548952457695409,0.7439448502025362,0.39824806821209435,0.32
0.9999999999999998,0.5237543647596026,0.7615053355842255,0.37959632294164436,0.32
0.9999999999999998,0.5322824335213538,0.7988478135344442,0.37533306687982915,0.32
0.9999999999999998,0.551722401289283,0.7335778166639485,0.3771982414068731,0.32
0.9999999999999998,0.5614927477840452,0.6212330246437433,0.38146149746869185,0.32
0.013488592655039877,0.4392123287671234,0.9791072538380504,0.6676325606181734,0.31
0.0,0.4484790491539082,0.9878874965288952,0.4550026645350371,0.31
0.026134148269139734,0.3528404512489928,0.9019892186377402,0.4989674926725307,0.31
0.0088518889298701,0.33294721998388405,0.874537736971786,0.48857580602184925,0.31
0.023183518625849553,0.38955479452054803,0.8149272941249069,0.3942512656541446,0.31
0.0059012592865799185,0.34896253021756657,0.8715228343610743,0.5021649347188912,0.31
0.0,0.2964343271555198,0.8245538252678813,1.0,0.31
0.0063227778070500396,0.4538678485092669,0.9832858030704404,0.9689914734878791,0.31
0.0035829074239948078,0.45870265914585023,0.9907966130830904,0.4054423128164153,0.31
0.0054797407661100195,0.3242848509266722,0.8569948825995158,0.40917266187050316,0.31
0.005058222245639898,0.36331587429492346,0.7991651717039928,0.4909738875566205,0.31
0.03351072237736452,0.35848106365834015,0.889718036081861,0.4765853983479893,0.31
0.0,0.4640075208165459,0.9672063224799777,0.0,0.31
0.0,0.4599113618049961,0.9792130398945665,0.4158339994670932,0.31
0.10032140787185861,0.9337228041901695,0.532584309283167,0.3625432986943764,0.3
0.4297381316191582,0.6205680902497988,0.6369775160552377,0.3721356248334651,0.3
0.17197955635175743,0.9237510072522161,0.6775993617574588,0.37746469491073853,0.3
0.0,0.9540692989524577,0.5674937079335133,0.38785638156141644,0.3
0.26661046419727086,0.9479586355089984,0.6396397984775622,0.37533306687982915,0.3
0.9999999999999998,0.9546232876712331,0.6938551524421152,0.37746469491073853,0.3
0.6278518362400549,0.9753726833199035,0.6566184605484126,0.37746469491073853,0.3
0.14479161178144273,0.3995769540692991,0.8014395719190913,0.3822608579802811,0.3
0.2084409083724117,0.5563557614826753,0.9104521031590361,0.37746469491073853,0.3
0.017703777859739755,0.3906291968842332,0.9155827269000719,0.7907340794031441,0.29
0.0027398703830550097,0.43451181842600056,0.8992387811683188,0.7992605915267781,0.29
0.008430370409399979,0.42962664517861954,0.8994503532813513,0.7811417532640554,0.29
0.028241740871489673,0.29522562449637396,0.7659130879390671,0.6218025579536395,0.29
0.010397456838259878,0.33182245500940105,0.8496251206622208,1.0,0.29
0.053111333579219266,0.32181708299758266,0.8082627725643862,0.4208966160405012,0.29
0.07917522876161365,0.3413577759871072,0.8540328730170624,0.4344857447375432,0.29
0.026555666789609633,0.10918614020950851,0.8458697156558955,0.36387556621369654,0.29
0.11760366721112803,0.2819634703196348,0.8004346043821874,0.5517252864375166,0.29
0.2204541862058067,0.3762590652699436,0.8528339643765456,0.39211963762323165,0.29
0.03414300015806959,0.4456587429492345,0.8924684735512819,0.5093591793232086,0.29
0.03835818536276947,0.3869023636852002,0.8152446522944555,0.36520783373301313,0.29
0.021075926023499836,0.3389403706688155,0.7974725947997338,0.38625766053823796,0.29
0.062173981769324094,0.4190169218372282,0.8150330801814231,0.0,0.29
0.9999999999999998,0.5065975020145046,0.8231786065331707,1.0,0.28
0.9999999999999998,0.4946783507923718,0.7023709299916693,0.37613242739142194,0.28
0.9999999999999998,0.49496373892022566,0.7755219880726222,1.0,0.28
0.9999999999999998,0.46696212731668013,0.6576763211135744,1.0,0.28
0.9999999999999998,0.5066982272361,0.8456581435428631,0.6980082600586215,0.28
0.9999999999999998,0.665491539081386,0.589497207688883,1.0,0.28
0.9999999999999998,0.4954170024174053,0.2976511087701046,0.37746469491073853,0.28
0.005058222245639898,0.6650382755842064,0.5837847606370082,0.35668132160937915,0.27
0.005058222245639898,0.6333098307816278,0.6572002838592516,1.0,0.27
0.0,0.6515914585012088,0.6351791530944625,0.5277444710897932,0.27
0.00800885188893008,0.6733481063658342,0.6412971133629827,0.7646216360245148,0.27
0.00800885188893008,0.6823294386247651,0.6338744583974293,0.5269451105782039,0.27
0.0016860740818800402,0.6784347300564062,0.6059645704865716,0.6420530242472715,0.27
0.0,0.6725758796669354,0.649865783940795,0.4243605115907272,0.27
0.0027398703830550097,0.6707124630674188,0.6311769139562663,0.40411004529709516,0.27
0.0,0.6900349180768199,0.6034609671490215,0.4747202238209418,0.27
0.0,0.6646017996239593,0.6022973205273433,0.3564148681055137,0.27
0.9999999999999998,1.0000000000000002,0.7710260806706836,0.8354982680522234,0.26
0.6721112808894041,0.9332191780821921,0.43970415166194277,0.572508659738876,0.26
0.9999999999999998,0.9331184528605967,0.4932318962591403,0.5466626698641086,0.26
0.9999999999999998,0.9570406929895248,0.5071427626910208,0.4542033040234479,0.26
0.9999999999999998,0.9167002417405319,0.8351853239477592,0.37746469491073853,0.25
0.9999999999999998,0.9261684125705079,0.8150859732096812,0.3561484146016518,0.25
0.9999999999999998,0.9157433521353748,0.8529044884142228,0.37613242739142194,0.25
0.9999999999999998,0.9319601128122486,0.8651227779418441,0.3758659738875565,0.25
0.9999999999999998,0.905553317217298,0.8304249514045304,0.37746469491073853,0.25
0.9999999999999998,0.9037402632285794,0.8314299189414341,0.37746469491073853,0.25
0.9999999999999998,0.18457896857373096,0.5007250752623713,0.37746469491073853,0.24
0.9999999999999998,0.9997481869460114,0.5065609393801817,0.38146149746869185,0.24
0.9930976342273043,0.14383561643835624,0.31730968427269857,0.37746469491073853,0.24
0.04749108663961921,0.5700376040827291,0.3178386145552795,0.0,0.23
0.017282259339269634,0.5303686543110395,0.1000780172166803,0.0,0.23
0.11633911164971811,0.5313759065269945,0.13156700003966937,0.0,0.23
0.21581748248063648,0.5102571850658073,0.41602570601173317,0.0,0.23
0.08093155593023882,0.7714544721998389,0.5711433268833223,0.0,0.23
0.13699351915274782,0.5359589041095891,0.278539094559511,0.18028910205169169,0.23
0.03477527793877466,0.6325040290088639,0.31256694273888885,0.0,0.23
0.007376574108225009,0.44552444265377383,0.410489569054052,0.0,0.23
0.022340481584909755,0.6460515713134569,0.2572232041714966,0.2543631761257643,0.23
0.0014753148216450906,0.8593875906526995,0.43102969502761435,0.5048294697575244,0.22
0.0,0.8859622616169756,0.4151617865501842,0.36201039168664906,0.22
0.005058222245639898,0.8166297340854152,0.47413751305796614,0.8514854782840402,0.22
0.0,0.8481903035186678,0.35133753245207655,0.523481215027978,0.22
0.0033721481637598583,0.9511986301369866,0.4032079621638536,1.0,0.22
0.0012645555614101411,0.9374328498522699,0.41304606541986033,0.3124500399680237,0.22
0.0,0.9476228847703467,0.40294349702256305,0.45846656008526665,0.22
0.0,0.8365901154982545,0.5188144909266416,0.47605249134026195,0.22
0.0,0.7741236905721194,0.6561953163223476,0.5344058086863868,0.22
0.0,0.7168614020950848,0.593146826638692,0.45953237410072134,0.22
0.004425944464934828,0.8357003760408275,0.6784632812190078,0.6599054090061287,0.22
0.0,0.7631446414182115,0.6059998325054105,1.0,0.22
0.0012645555614101411,0.7033642224012895,0.6817955419992682,0.35668132160937915,0.22
0.0033721481637598583,0.9067452323395113,0.4067517950571462,0.6596389555022668,0.22
0.006112018546814868,0.4671132151490734,0.9415532037747992,0.8187116973088209,0.21
0.016860740818799735,0.37635979049153917,0.9591136891564883,0.7699507061017883,0.21
0.04847462985404927,0.4023804727370402,0.9452557157528662,0.8842592592592595,0.21
0.051003740976869105,0.48720789685737315,0.9744526673513375,1.0,0.21
0.004004425944464929,0.37071917808219185,0.9684404931393334,1.0,0.21
0.0,0.31914786462530226,0.9718080159384325,1.0,0.21
0.04151957426629438,0.3942888799355359,0.9843965566638603,0.645250466293632,0.21
0.0,0.37102135374697837,0.9538243863306785,0.4965694111377559,0.21
0.0,0.3275584206285255,0.9910081851961229,1.0,0.21
0.03456451867853949,0.3599415793714747,0.9811171889118583,1.0,0.21
0.04868538911428444,0.2698428686543111,0.9822808355335365,0.4446109778843592,0.21
0.04721007429263935,0.3581453129196885,0.9973553485870948,0.937017053024249,0.21
0.15385425997154778,0.9129230459307014,0.6620840734684162,0.37559952038369104,0.2
0.12160809315559318,0.8643734891216763,0.6821481621876556,0.38465893951505237,0.2
0.12055429685441821,0.8198865162503359,0.6180065499199993,0.3734678923527852,0.2
0.10917329680172827,0.9145850120870269,0.6318116302953632,0.38785638156141644,0.2
0.07650561146530377,0.9294419822723612,0.6162081869592236,0.3718691713295996,0.2
0.10685494493914338,0.9031526994359389,0.6414205304289183,0.3771982414068731,0.2
0.5941303546024557,0.7652095084609187,0.720477976665359,0.0,0.19
0.5551398914589811,0.8177880741337633,0.1981416916071984,0.0,0.19
0.31002687180568,0.9689766317485902,0.7494104631225399,0.0590527577937614,0.19
0.9999999999999998,0.8431708299758263,0.19228819647996864,0.0,0.19
0.17724853785763228,0.9677175664786464,0.5748105768425505,0.44887423394617443,0.19
0.3115021866273251,0.7617344883158745,0.6285851555716192,0.35454969357846977,0.19
0.3159281310922599,0.9671300026860061,0.8277802999916252,0.3993138822275526,0.19
0.14120870435744792,0.8563154713940373,0.4933905753439146,0.10648148148148096,0.19
0.5703145581959008,0.6303384367445608,0.5292520485029066,0.0,0.19
0.00203733951560503,0.8984018264840183,0.5988063806623086,0.3838595790034631,0.18
0.015596185257389816,0.8815975020145046,0.6305950906454271,0.37666533439914573,0.18
0.0014753148216450906,0.892929089443997,0.5988063806623086,0.37559952038369104,0.18
0.08936192633963858,0.866186543110395,0.6031965020077311,0.32577271516120376,0.18
0.10432583381632332,0.8549556809024981,0.644241491936017,0.16270317079669638,0.18
0.09357711154433868,0.9413779210314264,0.7457079511444727,0.10141886490807295,0.18
0.9999999999999998,0.15909548751007258,0.7204074526276815,0.7459698907540648,0.17
0.9661204489172246,0.5251980929358044,0.7067081583088336,0.4262256861177711,0.17
0.6531429474682546,0.6107473811442388,0.6540267021637655,0.38545830002664516,0.17
0.46957163180357253,0.5267089712597368,0.8939494783425087,0.39904742872368715,0.17
0.5201538542599717,0.3928619392962666,0.6065463937974106,0.38465893951505237,0.17
0.9999999999999998,0.1836220789685738,0.4934434683721728,0.3934519051425518,0.17
0.06786448179566906,0.33612006446414194,0.19100113279235487,0.5306754596322953,0.16
0.0800885188892988,0.39848576416868126,0.11800875379617637,0.616473487876366,0.16
0.03287844459665945,0.4942082997582596,0.3281703860750286,0.38012922994937526,0.16
0.016017703777859937,0.4009535320977708,0.5433744870478195,0.6244670929922727,0.16
0.007798092628694908,0.4663577759871073,0.3328602345805801,0.02228217426058876,0.16
0.09610622266715851,0.5048515981735162,0.5396543440603332,0.3633426592059692,0.16
0.09737077822856843,0.4958702659145851,0.34989178967968837,0.3361644018118817,0.16
0.10116444491279863,0.58571716357776,0.3672935959766034,0.3961164401811885,0.16
0.9999999999999998,0.8588839645447222,0.4248588417308359,0.4150346389555004,0.15
0.9999999999999998,0.7885273972602742,0.5739466573810016,0.39718225419663966,0.15
0.9999999999999998,0.7119426537738385,0.3150352840576002,0.37746469491073853,0.15
0.9999999999999998,0.7530217566478647,0.36327372582898787,0.37746469491073853,0.15
0.9999999999999998,0.7398939027665863,0.26048494091407937,0.5224154010125233,0.15
0.42446915011328334,0.512792103142627,0.9777849281315979,0.37746469491073853,0.14
0.18525738974656214,0.4602135374697825,0.985771775398571,0.37746469491073853,0.14
0.2634490752937457,0.36381950040290095,0.9859833475116034,0.37746469491073853,0.14
0.10917329680172827,0.42390209508460924,0.9672592155082359,0.37746469491073853,0.14
0.9999999999999998,0.46278203062046747,0.994322814966964,0.37932986943778246,0.13
0.9999999999999998,0.47073932312651096,0.9959801298523846,0.3777311484146004,0.13
0.9999999999999998,0.45364961052914327,0.9923305109025754,0.37746469491073853,0.13
0.9999999999999998,0.4671635777598711,0.9961740709559975,0.39158673061550786,0.13
0.9999999999999998,0.4517526188557615,0.9884693198397342,0.3787969624300551,0.13
0.9999999999999998,0.4599617244157938,0.9922776178743175,0.37826405542232777,0.13
0.9999999999999998,0.4614054525919958,0.9873585662463141,0.39158673061550786,0.13
0.9999999999999998,0.45502618855761495,0.9945520180894157,0.37453370636823635,0.13
0.21033774171452668,0.19727034649476233,0.8594984859370661,0.38545830002664516,0.12
0.20422572316771181,0.4627652430835348,0.5695036430073211,0.4046429523048225,0.12
0.5505031877338111,0.1972199838839646,0.7008017701533457,0.37746469491073853,0.12
0.47315453922756734,0.458148670427075,0.7527427239028001,0.45260458300026585,0.12
0.10622266715843831,0.5506144238517325,0.7219413504471665,0.38545830002664516,0.12
0.3344749459929397,0.2798650282030622,0.5114270979799269,0.5005662136957092,0.12
0.18188524158280206,0.20270950846091867,0.2326808390597379,0.48457900346389593,0.12
0.21876811212392666,0.9859488315874296,0.9227761787431735,0.40943911537436506,0.12
0.17176879709152226,0.804290894439968,0.4061699717463072,0.37746469491073853,0.12
0.09884609305021352,0.9481265108783241,0.8153504383509717,1.0,0.11
0.0,0.9457594681708303,0.8069933398861918,1.0,0.11
0.021708203804204684,0.9595588235294119,0.4617076514173126,0.38279376498800843,0.11
0.08409294483376373,0.9992949234488318,0.791707254719601,0.5482613908872906,0.11
0.055008166921334256,0.99687751813054,0.9035583784760638,0.3934519051425518,0.11
0.0,0.9613215149073331,0.8527458093294485,0.45953237410072134,0.11
0.00800885188893008,0.9716962127316682,0.8387291568410519,0.3934519051425518,0.11
0.0,0.8727840451248994,0.5467067478280798,0.3830602184918739,0.11
0.0,0.998237308622079,0.8901059182890868,0.4192978950173192,0.11
0.03582907423994963,0.6382117915659415,0.9549351399240985,0.37746469491073853,0.11
0.0,0.9987409347300567,0.8945136706439284,0.9426125766053843,0.11
0.023815796406554623,0.9735092667203868,0.8744319509152697,0.37906341593392057,0.11
0.019389851941619796,0.5775584206285254,0.6881074433714015,0.3737343458566471,0.11
0.006112018546814868,0.8359689766317489,0.8021271812864467,0.37746469491073853,0.11
0.10095368565256346,0.692838436744561,0.4742785611333211,0.23437916333599773,0.1
0.32309394594025,0.8464443996776794,0.5355463188656207,0.11474154010124948,0.1
0.13277833394804794,0.8857272360999195,0.486532112679781,0.24317212896349716,0.1
0.018757574160914725,0.4574100188020415,0.3170981121596662,0.0,0.1
0.07524105590389385,0.7206050228310503,0.46329444226505556,0.3942512656541446,0.1
0.007376574108225009,0.33022763900080593,0.8371952590215671,1.0,0.09
0.27483007534643566,0.4384568896051572,0.6496365808183432,1.0,0.09
0.0,0.4549758259468171,0.6724863690258426,1.0,0.09
0.006744296327519939,0.542019204942251,0.4461571011094311,1.0,0.09
0.0,0.43981668009669633,0.34058261670626266,0.66896482813749,0.09
0.013067074134569756,0.6339309696481334,0.38400779290616305,0.8986477484678908,0.09
0.0796670003688289,0.5499093473005641,0.4462452561565279,1.0,0.09
0.0,0.545746038141284,0.3329307586182575,1.0,0.09
0.011802518573159837,0.43687886113349467,0.30472114354727065,1.0,0.09
0.009484166710574948,0.3988215149073329,0.1899609032366122,0.31564748201438775,0.09
0.0018968333421149897,0.4649979854955682,0.1912655979336454,0.08862909672262376,0.09
0.17113651931081741,0.46731466559226437,0.10140034292313282,0.45660138555821916,0.09
0.5416512988039415,0.6237912973408544,0.7107632904752877,1.0,0.09
0.006955055587754888,0.6185871608917541,0.1265421623551498,1.0,0.09
0.822101621089977,0.6519943593875908,0.8650698849135859,1.0,0.09
0.08774610534450367,0.7724113618049961,0.46710274029963883,0.0,0.08
0.17408714895410737,0.7129834810636586,0.5313148766049727,0.0,0.08
0.15933400073765758,0.8396958098307816,0.33910161191503596,0.0,0.08
0.20633331577006175,0.7570507655116845,0.4973046594350141,0.0,0.08
0.09884609305021352,0.9481265108783241,0.8153504383509717,1.0,0.07
0.0,0.9457594681708303,0.8069933398861918,1.0,0.07
0.021708203804204684,0.9595588235294119,0.4617076514173126,0.38279376498800843,0.07
0.08409294483376373,0.9992949234488318,0.791707254719601,0.5482613908872906,0.07
0.055008166921334256,0.99687751813054,0.9035583784760638,0.3934519051425518,0.07
0.0,0.9613215149073331,0.8527458093294485,0.45953237410072134,0.07
0.00800885188893008,0.9716962127316682,0.8387291568410519,0.3934519051425518,0.07
0.0,0.8727840451248994,0.5467067478280798,0.3830602184918739,0.07
0.0,0.998237308622079,0.8901059182890868,0.4192978950173192,0.07
0.03582907423994963,0.6382117915659415,0.9549351399240985,0.37746469491073853,0.07
0.0,0.9987409347300567,0.8945136706439284,0.9426125766053843,0.07
0.023815796406554623,0.9735092667203868,0.8744319509152697,0.37906341593392057,0.07
0.019389851941619796,0.5775584206285254,0.6881074433714015,0.3737343458566471,0.07
0.006112018546814868,0.8359689766317489,0.8021271812864467,0.37746469491073853,0.07
0.9999999999999998,0.428082191780822,0.468795317203898,1.0,0.06
0.9999999999999998,0.5728411227504702,0.41061298611998753,1.0,0.06
0.9999999999999998,0.581385979049154,0.5149180378449616,1.0,0.06
0.9999999999999998,0.6215753424657535,0.634826532906075,0.7664868105515588,0.06
0.9999999999999998,0.6162872683319904,0.22051544256037492,0.08836264321875831,0.06
0.6006638916697404,0.6392526188557617,0.4049534320963709,0.626598721023182,0.05
0.8061541703988622,0.7237610797743756,0.6395340124210459,1.0,0.05
0.9999999999999998,0.5784649476228849,0.6758362608155223,1.0,0.05
0.44870646504030787,0.6699234488315877,0.631652951210589,1.0,0.05
0.43535837855875803,0.7233581788879937,0.5988592736905668,1.0,0.05
0.9802413193529695,0.6818761751275855,0.7173396569887117,1.0,0.05
0.36355972390536917,0.7195138329304327,0.32000722871386167,0.6162070343725006,0.05
0.9999999999999998,0.7094580983078165,0.2893292723241635,1.0,0.05
0.9999999999999998,0.6236066344345959,0.9028884001181278,0.4251598721023164,0.05
0.09273407450339866,0.8665390813859792,0.7830327980852724,0.4837796429523067,0.04
0.11043785236313819,0.9292405318291701,0.7947397883397319,0.586097788435918,0.04
0.03730438906159428,0.9331688154713944,0.7790658209659146,0.4789834798827606,0.04
0.08620053743611367,0.9148871877518134,0.7302984489119463,0.4518052224886766,0.04
0.060066389166974155,0.7839947622884771,0.5908195333953355,0.46619371169730783,0.04
0.0,0.9586522965350528,0.8178364106791024,0.4613975486277653,0.04
0.0,0.4969278807413377,0.46451098191499185,0.37746469491073853,0.03
0.008430370409399979,0.5326853344077358,0.4696944986842857,0.38119504396482995,0.03
0.0033721481637598583,0.5353209777061512,0.46181343747382875,0.37533306687982915,0.03
0.0,0.504734085414988,0.4683721729778332,0.37133626432187583,0.03
0.007587333368459959,0.4977336825141017,0.4710697174189963,0.3726685318411924,0.03
0.0,0.5010576148267527,0.46884821023215617,0.37506661337596725,0.03
0.5776911323041258,1.0000000000000002,0.8942139434837993,0.6772248867572621,0.02
0.46809631698192766,1.0000000000000002,0.8949015528511547,0.38785638156141644,0.02
0.15659413035460257,1.0000000000000002,0.9643148369352016,0.4182320810018645,0.02
0.10833025976078847,1.0000000000000002,0.8960651994728329,0.8978483879563015,0.02
0.183992834185152,1.0000000000000002,0.8603095123703569,0.47019051425526115,0.02
0.9999999999999998,1.0000000000000002,0.8712583692197836,1.0,0.02
0.0014753148216450906,0.9667606768734893,0.8481441158709938,0.6820210498268047,0.02
0.0,1.0000000000000002,0.8939494783425087,0.6060818012256846,0.02
0.0,0.9984219715283378,0.9990302944819348,0.48111510791366996,0.01
0.0,0.9995467365028206,0.9141017221088451,0.39265254463096255,0.01
0.0,0.9991941982272363,0.9404953432096371,0.37746469491073853,0.01
0.0,1.0000000000000002,0.9333018913665355,0.37746469491073853,0.01
0.0,1.0000000000000002,0.9244158626191744,0.6892152944311221,0.01
0.5041361504821118,0.7031627719580984,0.3736936523958335,0.5805022648547826,0.01
0.44322672427419807,0.5563557614826753,0.23596020681174013,0.37746469491073853,0.01
0.7540966331208183,0.6538074133763097,0.08648450895434856,0.37746469491073853,0.01
0.0,1.0000000000000002,0.9971966695023206,1.0,0.01
0.0018968333421149897,1.0000000000000002,0.9092179324996804,0.472588595790036,0.01
0.0,0.9996978243352137,0.9368986172880863,0.41263655742072913,0.01
0.14921755624637756,0.7548515981735162,0.7358169548602082,1.0,0.0
0.0,1.0000000000000002,0.9996297488021934,0.37746469491073853,0.0
0.0035829074239948078,1.0000000000000002,0.9986247812652894,0.37746469491073853,0.0
0.0,1.0000000000000002,1.0,0.37746469491073853,0.0
0.10453659307655827,0.8442788074133765,0.9267431558625311,0.37746469491073853,0.0
0.09779229674903855,0.587479854955681,0.9088653123112932,0.3955835331734612,0.0
0.10453659307655827,0.5967969379532636,0.9349944682707948,0.3718691713295996,0.0
0.11907898203277312,0.54285858178888,0.9861420265963777,0.37000399680255924,0.0
0.62469044733653,0.9048650282030621,0.9254737231843365,0.3724020783373305,0.0
